NAME_CONTRACT_TYPE,CODE_GENDER,FLAG_OWN_CAR,FLAG_OWN_REALTY,CNT_CHILDREN,AMT_INCOME_TOTAL,AMT_CREDIT,AMT_ANNUITY,AMT_GOODS_PRICE,NAME_TYPE_SUITE,NAME_INCOME_TYPE,NAME_EDUCATION_TYPE,NAME_FAMILY_STATUS,NAME_HOUSING_TYPE,REGION_POPULATION_RELATIVE,DAYS_BIRTH,DAYS_EMPLOYED,DAYS_REGISTRATION,DAYS_ID_PUBLISH,OWN_CAR_AGE,FLAG_MOBIL,FLAG_EMP_PHONE,FLAG_WORK_PHONE,FLAG_CONT_MOBILE,FLAG_PHONE,FLAG_EMAIL,OCCUPATION_TYPE,CNT_FAM_MEMBERS,REGION_RATING_CLIENT,REGION_RATING_CLIENT_W_CITY,WEEKDAY_APPR_PROCESS_START,HOUR_APPR_PROCESS_START,REG_REGION_NOT_LIVE_REGION,REG_REGION_NOT_WORK_REGION,LIVE_REGION_NOT_WORK_REGION,REG_CITY_NOT_LIVE_CITY,REG_CITY_NOT_WORK_CITY,LIVE_CITY_NOT_WORK_CITY,ORGANIZATION_TYPE,EXT_SOURCE_1,EXT_SOURCE_2,EXT_SOURCE_3,APARTMENTS_AVG,BASEMENTAREA_AVG,YEARS_BEGINEXPLUATATION_AVG,YEARS_BUILD_AVG,COMMONAREA_AVG,ELEVATORS_AVG,ENTRANCES_AVG,FLOORSMAX_AVG,FLOORSMIN_AVG,LANDAREA_AVG,LIVINGAPARTMENTS_AVG,LIVINGAREA_AVG,NONLIVINGAPARTMENTS_AVG,NONLIVINGAREA_AVG,APARTMENTS_MODE,BASEMENTAREA_MODE,YEARS_BEGINEXPLUATATION_MODE,YEARS_BUILD_MODE,COMMONAREA_MODE,ELEVATORS_MODE,ENTRANCES_MODE,FLOORSMAX_MODE,FLOORSMIN_MODE,LANDAREA_MODE,LIVINGAPARTMENTS_MODE,LIVINGAREA_MODE,NONLIVINGAPARTMENTS_MODE,NONLIVINGAREA_MODE,APARTMENTS_MEDI,BASEMENTAREA_MEDI,YEARS_BEGINEXPLUATATION_MEDI,YEARS_BUILD_MEDI,COMMONAREA_MEDI,ELEVATORS_MEDI,ENTRANCES_MEDI,FLOORSMAX_MEDI,FLOORSMIN_MEDI,LANDAREA_MEDI,LIVINGAPARTMENTS_MEDI,LIVINGAREA_MEDI,NONLIVINGAPARTMENTS_MEDI,NONLIVINGAREA_MEDI,FONDKAPREMONT_MODE,HOUSETYPE_MODE,TOTALAREA_MODE,WALLSMATERIAL_MODE,EMERGENCYSTATE_MODE,OBS_30_CNT_SOCIAL_CIRCLE,DEF_30_CNT_SOCIAL_CIRCLE,OBS_60_CNT_SOCIAL_CIRCLE,DEF_60_CNT_SOCIAL_CIRCLE,DAYS_LAST_PHONE_CHANGE,FLAG_DOCUMENT_2,FLAG_DOCUMENT_3,FLAG_DOCUMENT_4,FLAG_DOCUMENT_5,FLAG_DOCUMENT_6,FLAG_DOCUMENT_7,FLAG_DOCUMENT_8,FLAG_DOCUMENT_9,FLAG_DOCUMENT_10,FLAG_DOCUMENT_11,FLAG_DOCUMENT_12,FLAG_DOCUMENT_13,FLAG_DOCUMENT_14,FLAG_DOCUMENT_15,FLAG_DOCUMENT_16,FLAG_DOCUMENT_17,FLAG_DOCUMENT_18,FLAG_DOCUMENT_19,FLAG_DOCUMENT_20,FLAG_DOCUMENT_21,AMT_REQ_CREDIT_BUREAU_HOUR,AMT_REQ_CREDIT_BUREAU_DAY,AMT_REQ_CREDIT_BUREAU_WEEK,AMT_REQ_CREDIT_BUREAU_MON,AMT_REQ_CREDIT_BUREAU_QRT,AMT_REQ_CREDIT_BUREAU_YEAR,BUREAU_CREDIT_ACTIVE_lambda,BUREAU_CREDIT_CURRENCY_nunique,BUREAU_DAYS_CREDIT_min,BUREAU_DAYS_CREDIT_max,BUREAU_DAYS_CREDIT_mean,BUREAU_CREDIT_DAY_OVERDUE_max,BUREAU_CREDIT_DAY_OVERDUE_mean,BUREAU_DAYS_CREDIT_ENDDATE_min,BUREAU_DAYS_CREDIT_ENDDATE_max,BUREAU_DAYS_CREDIT_ENDDATE_mean,BUREAU_DAYS_ENDDATE_FACT_min,BUREAU_DAYS_ENDDATE_FACT_max,BUREAU_DAYS_ENDDATE_FACT_mean,BUREAU_AMT_CREDIT_MAX_OVERDUE_max,BUREAU_AMT_CREDIT_MAX_OVERDUE_mean,BUREAU_CNT_CREDIT_PROLONG_sum,BUREAU_CNT_CREDIT_PROLONG_mean,BUREAU_AMT_CREDIT_SUM_sum,BUREAU_AMT_CREDIT_SUM_mean,BUREAU_AMT_CREDIT_SUM_max,BUREAU_AMT_CREDIT_SUM_DEBT_sum,BUREAU_AMT_CREDIT_SUM_DEBT_mean,BUREAU_AMT_CREDIT_SUM_DEBT_max,BUREAU_AMT_CREDIT_SUM_LIMIT_sum,BUREAU_AMT_CREDIT_SUM_LIMIT_mean,BUREAU_AMT_CREDIT_SUM_LIMIT_max,BUREAU_AMT_CREDIT_SUM_OVERDUE_sum,BUREAU_AMT_CREDIT_SUM_OVERDUE_mean,BUREAU_AMT_CREDIT_SUM_OVERDUE_max,BUREAU_CREDIT_TYPE_nunique,BUREAU_DAYS_CREDIT_UPDATE_min,BUREAU_DAYS_CREDIT_UPDATE_max,BUREAU_DAYS_CREDIT_UPDATE_mean,BUREAU_CREDIT_ACTIVE_RATIO,BUREAU_DEBT_RATIO,PREV_NAME_CONTRACT_TYPE_lambda,PREV_AMT_ANNUITY_min,PREV_AMT_ANNUITY_max,PREV_AMT_ANNUITY_mean,PREV_AMT_APPLICATION_min,PREV_AMT_APPLICATION_max,PREV_AMT_APPLICATION_mean,PREV_AMT_APPLICATION_sum,PREV_AMT_CREDIT_min,PREV_AMT_CREDIT_max,PREV_AMT_CREDIT_mean,PREV_AMT_CREDIT_sum,PREV_AMT_DOWN_PAYMENT_min,PREV_AMT_DOWN_PAYMENT_max,PREV_AMT_DOWN_PAYMENT_mean,PREV_AMT_DOWN_PAYMENT_sum,PREV_AMT_GOODS_PRICE_min,PREV_AMT_GOODS_PRICE_max,PREV_AMT_GOODS_PRICE_mean,PREV_WEEKDAY_APPR_PROCESS_START_nunique,PREV_HOUR_APPR_PROCESS_START_min,PREV_HOUR_APPR_PROCESS_START_max,PREV_HOUR_APPR_PROCESS_START_mean,PREV_NAME_CONTRACT_STATUS_lambda,PREV_DAYS_DECISION_min,PREV_DAYS_DECISION_max,PREV_DAYS_DECISION_mean,PREV_CNT_PAYMENT_min,PREV_CNT_PAYMENT_max,PREV_CNT_PAYMENT_mean,PREV_CNT_PAYMENT_sum,PREV_APPROVED_RATIO,PREV_CREDIT_RATIO,POS_MONTHS_BALANCE_min,POS_MONTHS_BALANCE_max,POS_MONTHS_BALANCE_size,POS_CNT_INSTALMENT_min,POS_CNT_INSTALMENT_max,POS_CNT_INSTALMENT_mean,POS_CNT_INSTALMENT_sum,POS_CNT_INSTALMENT_FUTURE_min,POS_CNT_INSTALMENT_FUTURE_max,POS_CNT_INSTALMENT_FUTURE_mean,POS_CNT_INSTALMENT_FUTURE_sum,POS_NAME_CONTRACT_STATUS_lambda,POS_SK_DPD_min,POS_SK_DPD_max,POS_SK_DPD_mean,POS_SK_DPD_DEF_min,POS_SK_DPD_DEF_max,POS_SK_DPD_DEF_mean,CC_MONTHS_BALANCE_min,CC_MONTHS_BALANCE_max,CC_MONTHS_BALANCE_size,CC_AMT_BALANCE_min,CC_AMT_BALANCE_max,CC_AMT_BALANCE_mean,CC_AMT_BALANCE_sum,CC_AMT_CREDIT_LIMIT_ACTUAL_min,CC_AMT_CREDIT_LIMIT_ACTUAL_max,CC_AMT_CREDIT_LIMIT_ACTUAL_mean,CC_AMT_DRAWINGS_CURRENT_min,CC_AMT_DRAWINGS_CURRENT_max,CC_AMT_DRAWINGS_CURRENT_mean,CC_AMT_DRAWINGS_CURRENT_sum,CC_AMT_PAYMENT_CURRENT_min,CC_AMT_PAYMENT_CURRENT_max,CC_AMT_PAYMENT_CURRENT_mean,CC_AMT_PAYMENT_CURRENT_sum,CC_AMT_PAYMENT_TOTAL_CURRENT_min,CC_AMT_PAYMENT_TOTAL_CURRENT_max,CC_AMT_PAYMENT_TOTAL_CURRENT_mean,CC_AMT_PAYMENT_TOTAL_CURRENT_sum,CC_SK_DPD_min,CC_SK_DPD_max,CC_SK_DPD_mean,CC_BALANCE_LIMIT_RATIO,INST_NUM_INSTALMENT_VERSION_nunique,INST_NUM_INSTALMENT_NUMBER_max,INST_DAYS_INSTALMENT_min,INST_DAYS_INSTALMENT_max,INST_DAYS_INSTALMENT_mean,INST_AMT_INSTALMENT_min,INST_AMT_INSTALMENT_max,INST_AMT_INSTALMENT_mean,INST_AMT_INSTALMENT_sum,INST_AMT_PAYMENT_min,INST_AMT_PAYMENT_max,INST_AMT_PAYMENT_mean,INST_AMT_PAYMENT_sum,INST_PAYMENT_PERC_min,INST_PAYMENT_PERC_max,INST_PAYMENT_PERC_mean,INST_PAYMENT_DIFF_min,INST_PAYMENT_DIFF_max,INST_PAYMENT_DIFF_mean,INST_DPD_max,INST_DPD_mean,INST_DPD_sum,RISK_SCORE,DECISION,REAL_TARGET
0.0,1.0,1.0,1.0,1.0,157500.0,770292.0,30676.5,688500.0,1.0,7.0,1.0,1.0,1.0,0.010147,-13506.0,-105.0,-2876.0,-4402.0,19.0,1.0,1.0,0.0,1.0,0.0,0.0,8.0,3.0,2.0,2.0,1.0,17.0,0.0,0.0,0.0,0.0,0.0,0.0,55.0,0.5054455334342673,0.5943267272127163,0.4276573700350293,0.0876,0.0764,0.9816,0.7552,0.0211,0.0,0.1379,0.1667,0.2083,0.0482,0.0756,0.0744,0.0,0.0036,0.084,0.0746,0.9816,0.7648,0.0191,0.0,0.1379,0.1667,0.2083,0.0459,0.0771,0.0731,0.0,0.0011,0.0874,0.0759,0.9816,0.7585,0.0209,0.0,0.1379,0.1667,0.2083,0.0487,0.0761,0.0748,0.0,0.0031,0.0,1.0,0.0688,7.0,2.0,1.0,0.0,1.0,0.0,-428.0,0.0,0.0,0.0,0.0,0.0,0.0,1.0,0.0,0.0,0.0,0.0,0.0,0.0,0.0,0.0,0.0,0.0,0.0,0.0,0.0,0.0,0.0,0.0,0.0,1.0,2.0,4.0,1.0,-2663.0,-202.0,-1169.7777777777778,0.0,0.0,-2359.0,1597.0,-411.6666666666667,-2358.0,-223.0,-1393.2,0.0,0.0,0.0,0.0,1258366.5,139818.5,337500.0,191374.56,31895.76,183963.195,452125.44,113031.36,330088.635,0.0,0.0,0.0,2.0,-2298.0,-5.0,-572.4444444444445,0.4444444444444444,0.1520816136780392,0.0,2250.0,8815.095,6589.065,0.0,77611.5,46380.375,185521.5,0.0,77611.5,47764.125,191056.5,0.0,0.0,0.0,0.0,45000.0,77611.5,61840.5,3.0,12.0,18.0,14.5,3.0,-428.0,-31.0,-271.75,0.0,10.0,6.666666666666667,20.0,0.75,1.0298292659919956,-14.0,-4.0,11.0,10.0,10.0,10.0,110.0,0.0,10.0,5.0,55.0,10.0,0.0,0.0,0.0,0.0,0.0,0.0,-10.0,-2.0,9.0,0.0,0.0,0.0,0.0,45000.0,90000.0,85000.0,0.0,0.0,0.0,0.0,0.0,65250.0,9855.0,0.0,0.0,0.0,0.0,0.0,0.0,0.0,0.0,0.0,1.0,10.0,-392.0,-122.0,-257.0,8693.64,8702.1,8701.254,87012.54000000001,8693.64,8702.1,8701.254,87012.54000000001,0.9998849866124417,0.999885098413209,0.9998850872331323,0.0,0.0,0.0,0.0,0.0,0.0,0.025174107,ACCORD,0
0.0,0.0,0.0,0.0,0.0,90000.0,364896.0,19926.0,315000.0,1.0,7.0,4.0,1.0,1.0,0.00733,-17723.0,-4930.0,-4654.0,-1259.0,9.0,1.0,1.0,0.0,1.0,0.0,0.0,8.0,2.0,2.0,2.0,4.0,12.0,0.0,0.0,0.0,0.0,0.0,0.0,11.0,0.5935542796633079,0.6196207697267319,0.4848514754962666,0.0876,0.0764,0.9816,0.7552,0.0211,0.0,0.1379,0.1667,0.2083,0.0482,0.0756,0.0744,0.0,0.0036,0.084,0.0746,0.9816,0.7648,0.0191,0.0,0.1379,0.1667,0.2083,0.0459,0.0771,0.0731,0.0,0.0011,0.0874,0.0759,0.9816,0.7585,0.0209,0.0,0.1379,0.1667,0.2083,0.0487,0.0761,0.0748,0.0,0.0031,0.0,1.0,0.0688,7.0,2.0,0.0,0.0,0.0,0.0,-1491.0,0.0,1.0,0.0,0.0,0.0,0.0,0.0,0.0,0.0,0.0,0.0,0.0,0.0,0.0,0.0,0.0,0.0,0.0,0.0,0.0,0.0,0.0,0.0,1.0,0.0,6.0,1.0,1.0,-233.0,-233.0,-233.0,0.0,0.0,131.0,131.0,131.0,-1451.0,-345.0,-928.0,0.0,0.0,0.0,0.0,81048.78,81048.78,81048.78,36573.66,36573.66,36573.66,0.0,0.0,0.0,0.0,0.0,0.0,1.0,-8.0,-8.0,-8.0,1.0,0.4512493433048184,4.0,2250.0,24172.65,9572.452500000001,0.0,229500.0,43773.75,437737.5,0.0,241920.0,46650.6,466506.0,0.0,2178.0,1243.5,3730.5,15489.0,229500.0,72956.25,6.0,9.0,15.0,11.0,6.0,-2661.0,-230.0,-945.0,0.0,12.0,6.333333333333333,38.0,0.6,1.0657184597653622,-87.0,-7.0,44.0,4.0,13.0,9.318181818181818,410.0,0.0,12.0,4.340909090909091,191.0,39.0,0.0,0.0,0.0,0.0,0.0,0.0,-11.0,-1.0,11.0,0.0,85340.025,60902.652272727275,669929.175,45000.0,135000.0,102272.72727272728,0.0,40731.885,7805.671363636365,85862.38500000001,2250.0,4500.0,3566.6504999999997,35666.505,0.0,4500.0,3242.4095454545454,35666.505,0.0,0.0,0.0,0.5954867774626204,3.0,19.0,-2625.0,-6.0,-759.828125,7.92,24172.65,10155.364453125001,649943.3250000001,6.12,24172.65,8392.9528125,537148.98,0.000253168222424003,0.9999586326433948,0.9038918807846128,0.0,24166.530000000002,1762.4116406250002,11.0,0.890625,57.0,0.033105724,ACCORD,0
0.0,0.0,0.0,0.0,0.0,188100.0,976711.5,38218.5,873000.0,6.0,7.0,1.0,3.0,1.0,0.020713,-9650.0,-355.0,-969.0,-2289.0,9.0,1.0,1.0,1.0,1.0,0.0,0.0,3.0,1.0,3.0,3.0,4.0,14.0,0.0,0.0,0.0,1.0,1.0,0.0,42.0,0.6286564389822209,0.4175925732944476,0.4118485559242397,0.0876,0.0764,0.9816,0.7552,0.0211,0.0,0.1379,0.1667,0.2083,0.0482,0.0756,0.0744,0.0,0.0036,0.084,0.0746,0.9816,0.7648,0.0191,0.0,0.1379,0.1667,0.2083,0.0459,0.0771,0.0731,0.0,0.0011,0.0874,0.0759,0.9816,0.7585,0.0209,0.0,0.1379,0.1667,0.2083,0.0487,0.0761,0.0748,0.0,0.0031,0.0,1.0,0.0688,7.0,2.0,3.0,1.0,3.0,0.0,-757.0,0.0,0.0,0.0,0.0,0.0,0.0,0.0,0.0,0.0,1.0,0.0,0.0,0.0,0.0,0.0,0.0,0.0,0.0,0.0,0.0,0.0,0.0,0.0,0.0,0.0,1.0,2.0,1.0,-1438.0,-316.0,-755.75,0.0,0.0,-342.0,49.0,-205.0,-338.0,-296.0,-317.0,0.0,0.0,1.0,0.25,992592.0,248148.0,425250.0,362836.845,181418.4225,270598.5,0.0,0.0,0.0,0.0,0.0,0.0,2.0,-615.0,-22.0,-316.25,0.5,0.3655444326123597,0.0,4500.0,4500.0,4500.0,90000.0,90000.0,90000.0,90000.0,90000.0,90000.0,90000.0,90000.0,0.0,5850.0,3375.0,0.0,90000.0,90000.0,90000.0,1.0,12.0,12.0,12.0,1.0,-757.0,-757.0,-757.0,0.0,0.0,0.0,0.0,1.0,0.9999888890123443,-51.0,-4.0,22.0,6.0,12.0,12.0,288.0,0.0,12.0,6.948275862068965,163.0,20.0,0.0,0.0,0.0,0.0,0.0,0.0,-25.0,-3.0,23.0,0.0,0.0,0.0,0.0,45000.0,90000.0,70434.78260869565,0.0,0.0,0.0,0.0,0.0,65250.0,9855.0,0.0,0.0,0.0,0.0,0.0,0.0,0.0,0.0,0.0,2.0,12.0,-1539.0,-49.0,-795.0,4849.605,35405.775,12575.2575,328737.0825,2304.81,36000.0,12226.016938775509,318900.2175,0.9991119005328597,0.9999744578682537,0.9997924881106481,0.0,0.0,0.0,1.0,0.038461538461538464,1.0,0.032113954,ACCORD,0
0.0,0.0,0.0,1.0,0.0,319500.0,1431000.0,39483.0,1431000.0,6.0,4.0,1.0,1.0,1.0,0.002042,-14050.0,-5733.0,-4031.0,-4729.0,9.0,1.0,1.0,0.0,1.0,0.0,0.0,10.0,2.0,3.0,3.0,5.0,16.0,0.0,0.0,0.0,0.0,0.0,0.0,11.0,0.5054455334342673,0.6544977412099213,0.7557400501752248,0.0629,0.0719,0.9816,0.7484,0.0369,0.0,0.2069,0.1667,0.2083,0.1326,0.0504,0.0724,0.0039,0.002,0.0641,0.0746,0.9816,0.7583,0.0373,0.0,0.2069,0.1667,0.2083,0.1356,0.0551,0.0754,0.0039,0.0021,0.0635,0.0719,0.9816,0.7518,0.0372,0.0,0.2069,0.1667,0.2083,0.1349,0.0513,0.0737,0.0039,0.0021,3.0,0.0,0.068,0.0,0.0,6.0,0.0,5.0,0.0,-623.0,0.0,1.0,0.0,0.0,0.0,0.0,0.0,0.0,0.0,0.0,0.0,0.0,0.0,0.0,0.0,0.0,0.0,0.0,0.0,0.0,0.0,0.0,0.0,1.0,0.0,1.0,0.0,1.0,-2454.0,-1447.0,-1985.5714285714287,0.0,0.0,-2119.0,31187.0,3267.5714285714284,-2147.0,-732.0,-1611.2857142857142,11160.0,2790.0,0.0,0.0,2201796.0,314542.28571428574,1575000.0,0.0,0.0,0.0,0.0,0.0,0.0,0.0,0.0,0.0,2.0,-2147.0,-479.0,-1350.0,0.0,0.0,1.0,4495.05,26318.475,18743.787,35995.5,454500.0,207179.25,1243075.5,35995.5,454500.0,202717.5,1216305.0,0.0,22275.0,6692.625,26770.5,35995.5,454500.0,207179.25,4.0,11.0,19.0,13.833333333333334,5.0,-1490.0,-342.0,-894.1666666666666,6.0,24.0,13.6,68.0,0.8333333333333334,0.9784635137097355,-49.0,-2.0,58.0,6.0,25.0,14.60344827586207,847.0,0.0,24.0,8.568965517241379,497.0,54.0,0.0,4.0,0.06896551724137931,0.0,0.0,0.0,-22.0,-1.0,21.0,0.0,97555.41,26734.62766304348,735678.135,45000.0,180000.0,149684.2105263158,0.0,69480.0,3472.8260869565215,146794.5,0.0,65250.0,9855.0,145495.71,0.0,24416.46,4079.0460000000003,123381.675,0.0,0.0,0.0,0.25301917296655135,4.0,18.0,-1459.0,-26.0,-552.0344827586207,2182.725,231148.305,21108.388189655172,1224286.515,486.99,256527.585,26008.54525862069,1508495.625,0.01850302865083745,10.107358350656494,1.1761135056819942,-231148.305,25831.484999999997,-4900.157068965517,5.0,0.08620689655172414,5.0,0.009203298,ACCORD,0
1.0,0.0,0.0,1.0,0.0,157500.0,382500.0,19125.0,382500.0,6.0,3.0,4.0,1.0,1.0,0.030755,-21827.0,365243.0,-9707.0,-4737.0,9.0,1.0,0.0,0.0,1.0,1.0,0.0,18.0,2.0,2.0,2.0,4.0,11.0,0.0,0.0,0.0,0.0,0.0,0.0,57.0,0.5054455334342673,0.6781008953588515,0.8245949709919925,0.1113,0.0784,0.9871,0.8232,0.0194,0.12,0.1034,0.3333,0.375,0.1009,0.0908,0.1136,0.0,0.0,0.1134,0.0814,0.9871,0.8301,0.0196,0.1208,0.1034,0.3333,0.375,0.1032,0.0992,0.118,0.0,0.0,0.1124,0.0784,0.9871,0.8256,0.0196,0.12,0.1034,0.3333,0.375,0.1027,0.0923,0.1156,0.0,0.0,2.0,1.0,0.0997,4.0,0.0,1.0,0.0,1.0,0.0,-412.0,0.0,0.0,0.0,0.0,0.0,0.0,0.0,0.0,0.0,0.0,0.0,0.0,0.0,0.0,0.0,0.0,0.0,0.0,0.0,0.0,0.0,0.0,1.0,0.0,0.0,1.0,1.0,1.0,-895.0,-503.0,-764.3333333333334,0.0,0.0,-591.0,-169.0,-348.3333333333333,-591.0,-141.0,-366.0,0.0,0.0,0.0,0.0,437393.925,145797.975,178132.5,9495.0,4747.5,9495.0,0.0,0.0,0.0,0.0,0.0,0.0,1.0,-591.0,-135.0,-407.6666666666667,0.3333333333333333,0.021708070801233006,1.0,20123.865,20123.865,20123.865,225000.0,225000.0,225000.0,225000.0,254700.0,254700.0,254700.0,254700.0,0.0,5850.0,3375.0,0.0,225000.0,225000.0,225000.0,1.0,16.0,16.0,16.0,1.0,-412.0,-412.0,-412.0,24.0,24.0,24.0,24.0,1.0,1.1319949689112492,-14.0,-1.0,14.0,24.0,24.0,24.0,336.0,11.0,24.0,17.5,245.0,14.0,0.0,0.0,0.0,0.0,0.0,0.0,-22.0,-1.0,21.0,0.0,97555.41,26734.62766304348,735678.135,45000.0,180000.0,149684.2105263158,0.0,69480.0,3472.8260869565215,146794.5,0.0,65250.0,9855.0,145495.71,0.0,24416.46,4079.0460000000003,123381.675,0.0,0.0,0.0,0.25301917296655135,1.0,13.0,-382.0,-22.0,-202.0,20123.865,20123.865,20123.865,261610.24500000002,20123.865,20123.865,20123.865,261610.24500000002,0.9999503102256835,0.9999503102256835,0.9999503102256835,0.0,0.0,0.0,0.0,0.0,0.0,0.009906297,ACCORD,0
0.0,0.0,0.0,1.0,0.0,180000.0,1546020.0,40914.0,1350000.0,6.0,7.0,4.0,1.0,1.0,0.030755,-15107.0,-6641.0,-9108.0,-4628.0,9.0,1.0,1.0,0.0,1.0,1.0,1.0,8.0,2.0,2.0,2.0,0.0,11.0,0.0,0.0,0.0,0.0,0.0,0.0,5.0,0.7472770211998799,0.605239221259936,0.7295666907060153,0.0619,0.0625,0.9786,0.7076,0.0267,0.0,0.1379,0.1667,0.2083,0.0158,0.0504,0.0541,0.0,0.0,0.063,0.0649,0.9786,0.7190000000000001,0.0269,0.0,0.1379,0.1667,0.2083,0.0146,0.0551,0.0563,0.0,0.0,0.0625,0.0625,0.9786,0.7115,0.0268,0.0,0.1379,0.1667,0.2083,0.016,0.0513,0.055,0.0,0.0,3.0,0.0,0.0571,4.0,0.0,5.0,0.0,5.0,0.0,0.0,0.0,1.0,0.0,0.0,0.0,0.0,0.0,0.0,0.0,0.0,0.0,0.0,0.0,0.0,0.0,0.0,0.0,0.0,0.0,0.0,0.0,0.0,0.0,2.0,0.0,1.0,1.0,1.0,-2818.0,-1676.0,-2363.5,0.0,0.0,-2674.0,-630.0,-1834.5,-2355.0,-630.0,-1541.6666666666667,0.0,0.0,0.0,0.0,944185.5,236046.375,450000.0,0.0,0.0,0.0,0.0,0.0,0.0,0.0,0.0,0.0,1.0,-2355.0,-611.0,-1740.25,0.25,0.0,2.0,6933.735,33643.845,20842.9875,64467.0,675000.0,409866.75,1639467.0,63760.5,744498.0,444439.125,1777756.5,6448.5,6448.5,6448.5,6448.5,64467.0,675000.0,409866.75,3.0,14.0,15.0,14.75,3.0,-1881.0,-637.0,-1009.0,0.0,36.0,21.0,84.0,0.75,1.0843496182908114,-62.0,-18.0,18.0,3.0,36.0,19.555555555555557,352.0,0.0,36.0,16.833333333333332,303.0,15.0,0.0,0.0,0.0,0.0,0.0,0.0,-96.0,-1.0,96.0,0.0,93386.16,4804.51828125,461233.755,0.0,90000.0,28125.0,0.0,90000.0,3914.0625,375750.0,0.0,123075.0,4925.38265625,472836.735,0.0,123075.0,4200.74015625,403271.055,0.0,31.0,0.34375,0.17082124302247031,3.0,126.0,-2899.0,-6.0,-1560.92,19.125,741117.87,17610.676199999998,2201334.525,19.125,741117.87,17550.558,2193819.75,0.09221912188687731,0.999998650688789,0.9742099636795839,0.0,4500.0,60.1182,33.0,0.464,58.0,0.030101012,ACCORD,0
0.0,0.0,0.0,1.0,0.0,90000.0,269550.0,24853.5,225000.0,6.0,1.0,1.0,3.0,0.0,0.035792,-10687.0,-790.0,-5206.0,-3376.0,9.0,1.0,1.0,0.0,1.0,0.0,0.0,8.0,1.0,2.0,2.0,3.0,15.0,0.0,0.0,0.0,1.0,1.0,0.0,44.0,0.4679263461850872,0.6581133409051391,0.7106743858828587,0.0619,0.0802,0.9831,0.7688,0.0325,0.0,0.1379,0.1667,0.2083,0.0704,0.0496,0.0574,0.0039,0.0039,0.063,0.0832,0.9831,0.7779,0.0328,0.0,0.1379,0.1667,0.2083,0.072,0.0542,0.0598,0.0039,0.0041,0.0625,0.0802,0.9831,0.7719,0.0327,0.0,0.1379,0.1667,0.2083,0.0716,0.0504,0.0584,0.0039,0.004,3.0,0.0,0.0638,5.0,0.0,0.0,0.0,0.0,0.0,-2241.0,0.0,1.0,0.0,0.0,0.0,0.0,0.0,0.0,0.0,0.0,0.0,0.0,0.0,0.0,0.0,0.0,0.0,0.0,0.0,0.0,0.0,0.0,0.0,0.0,0.0,0.0,0.0,1.0,-843.0,-426.0,-634.5,0.0,0.0,10462.0,12816.0,11639.0,-601.0,-277.0,-439.0,0.0,0.0,0.0,0.0,225000.0,112500.0,225000.0,0.0,0.0,0.0,0.0,0.0,0.0,0.0,0.0,0.0,1.0,-277.0,-243.0,-260.0,0.0,0.0,0.0,8325.54,8703.855,8514.6975,34150.5,45630.0,40753.5,122260.5,30550.5,42480.0,38212.5,114637.5,0.0,5985.0,3195.0,9585.0,34150.5,45630.0,40753.5,3.0,15.0,18.0,16.0,2.0,-2743.0,-1369.0,-2117.6666666666665,4.0,6.0,5.0,10.0,0.6666666666666666,0.9376418578211456,-89.0,-68.0,11.0,4.0,5.0,4.545454545454546,50.0,0.0,5.0,2.272727272727273,25.0,10.0,0.0,0.0,0.0,0.0,0.0,0.0,-22.0,-1.0,21.0,0.0,97555.41,26734.62766304348,735678.135,45000.0,180000.0,149684.2105263158,0.0,69480.0,3472.8260869565215,146794.5,0.0,65250.0,9855.0,145495.71,0.0,24416.46,4079.0460000000003,123381.675,0.0,0.0,0.0,0.25301917296655135,2.0,5.0,-2700.0,-2072.0,-2364.4444444444443,8325.54,16189.605,9367.18,84304.62,8325.54,16189.605,9367.18,84304.62,0.9998799020961888,0.9999382357855064,0.9998886996249632,0.0,0.0,0.0,0.0,0.0,0.0,0.015992885,ACCORD,0
0.0,1.0,1.0,1.0,3.0,225000.0,263686.5,31423.5,238500.0,1.0,7.0,4.0,1.0,1.0,0.02461,-12106.0,-922.0,-5872.0,-3287.0,11.0,1.0,1.0,0.0,1.0,1.0,0.0,4.0,5.0,2.0,2.0,1.0,10.0,0.0,0.0,0.0,1.0,1.0,0.0,51.0,0.198386318043961,0.7690518397348782,0.4561097392782771,0.0876,0.0764,0.9816,0.7552,0.0211,0.0,0.1379,0.1667,0.2083,0.0482,0.0756,0.0744,0.0,0.0036,0.084,0.0746,0.9816,0.7648,0.0191,0.0,0.1379,0.1667,0.2083,0.0459,0.0771,0.0731,0.0,0.0011,0.0874,0.0759,0.9816,0.7585,0.0209,0.0,0.1379,0.1667,0.2083,0.0487,0.0761,0.0748,0.0,0.0031,0.0,1.0,0.0688,7.0,2.0,15.0,0.0,15.0,0.0,-1940.0,0.0,1.0,0.0,0.0,0.0,0.0,0.0,0.0,0.0,0.0,0.0,0.0,0.0,0.0,0.0,0.0,0.0,0.0,0.0,0.0,0.0,0.0,0.0,0.0,0.0,1.0,0.0,1.0,-1490.0,-1280.0,-1385.0,0.0,0.0,-1371.0,-549.0,-960.0,-1371.0,-549.0,-960.0,0.0,0.0,0.0,0.0,106245.0,53122.5,70272.0,0.0,0.0,0.0,0.0,0.0,0.0,0.0,0.0,0.0,1.0,-1365.0,-437.0,-901.0,0.0,0.0,0.0,2739.24,16460.235,7435.8835714285715,0.0,79992.0,36610.875,292887.0,13648.5,270000.0,69945.1875,559561.5,0.0,5751.0,2477.5714285714284,17343.0,15165.0,79992.0,41841.0,5.0,16.0,21.0,19.125,7.0,-2490.0,-150.0,-1348.5,0.0,12.0,6.857142857142857,48.0,0.875,1.910496503783016,-82.0,-1.0,48.0,4.0,12.0,8.425531914893616,396.0,0.0,12.0,4.48936170212766,211.0,44.0,0.0,7.0,0.14583333333333334,0.0,0.0,0.0,-33.0,-1.0,33.0,0.0,277803.81,211416.37772727272,6976740.465,256500.0,270000.0,269181.8181818182,0.0,113138.685,23373.324545454543,771319.71,11250.0,56250.0,21424.21875,685575.0,0.0,54000.0,19658.08909090909,648716.94,0.0,0.0,0.0,0.7854007144856943,3.0,66.0,-2451.0,-30.0,-843.218487394958,38.7,54000.0,8593.14668067227,1022584.455,6.975,54000.0,7917.083697478991,942132.96,0.0022473813697903625,0.9999814818244107,0.8985208229912457,0.0,6771.6449999999995,676.0629831932774,15.0,1.588235294117647,189.0,0.042445485,ACCORD,0
0.0,0.0,0.0,1.0,0.0,210600.0,619965.0,20128.5,517500.0,1.0,3.0,4.0,1.0,1.0,0.003813,-20555.0,365243.0,-4364.0,-4098.0,9.0,1.0,0.0,0.0,1.0,1.0,0.0,18.0,2.0,2.0,2.0,0.0,12.0,0.0,0.0,0.0,0.0,0.0,0.0,57.0,0.7423308232590793,0.5423126170249454,0.4241303111942548,0.0876,0.0764,0.9816,0.7552,0.0211,0.0,0.1379,0.1667,0.2083,0.0482,0.0756,0.0744,0.0,0.0036,0.084,0.0746,0.9816,0.7648,0.0191,0.0,0.1379,0.1667,0.2083,0.0459,0.0771,0.0731,0.0,0.0011,0.0874,0.0759,0.9816,0.7585,0.0209,0.0,0.1379,0.1667,0.2083,0.0487,0.0761,0.0748,0.0,0.0031,0.0,1.0,0.0688,7.0,2.0,1.0,0.0,1.0,0.0,-1196.0,0.0,0.0,0.0,0.0,1.0,0.0,0.0,0.0,0.0,0.0,0.0,0.0,0.0,0.0,0.0,0.0,0.0,0.0,0.0,0.0,0.0,0.0,0.0,1.0,0.0,0.0,1.0,1.0,-1549.0,-112.0,-761.0833333333334,0.0,0.0,-1386.0,1714.0,-19.916666666666668,-1386.0,-87.0,-576.5454545454545,920.43,306.81,0.0,0.0,2906301.87,242191.8225,720000.0,706279.5,70627.95,706279.5,0.0,0.0,0.0,0.0,0.0,0.0,1.0,-1386.0,-41.0,-435.8333333333333,0.08333333333333333,0.2430164823117695,0.0,4993.29,7524.81,6259.05,33817.5,42592.5,38205.0,76410.0,24817.5,42592.5,33705.0,67410.0,0.0,9000.0,4500.0,9000.0,33817.5,42592.5,38205.0,2.0,12.0,15.0,13.5,2.0,-1196.0,-427.0,-811.5,6.0,6.0,6.0,12.0,1.0,0.8822028242007041,-39.0,-9.0,12.0,5.0,6.0,5.833333333333333,70.0,0.0,6.0,3.3333333333333335,40.0,10.0,0.0,0.0,0.0,0.0,0.0,0.0,-22.0,-1.0,21.0,0.0,97555.41,26734.62766304348,735678.135,45000.0,180000.0,149684.2105263158,0.0,69480.0,3472.8260869565215,146794.5,0.0,65250.0,9855.0,145495.71,0.0,24416.46,4079.0460000000003,123381.675,0.0,0.0,0.0,0.25301917296655135,2.0,5.0,-1163.0,-273.0,-680.2727272727273,4993.29,14923.26,7475.449090909091,82229.94,3075.57,14923.26,6791.375454545455,74705.13,0.4086696315745415,0.9999329950027673,0.9089543267710141,0.0,4449.24,684.0736363636364,6.0,1.0,11.0,0.029284613,ACCORD,0
0.0,0.0,0.0,1.0,0.0,49500.0,119925.0,11812.5,112500.0,6.0,3.0,4.0,1.0,1.0,0.010556,-22094.0,365243.0,-11616.0,-4556.0,9.0,1.0,0.0,0.0,1.0,0.0,0.0,18.0,2.0,3.0,3.0,1.0,15.0,0.0,0.0,0.0,0.0,0.0,0.0,57.0,0.5054455334342673,0.1292962476716097,0.6832688314232291,0.1134,0.0616,0.9747,0.7552,0.0211,0.0,0.2069,0.1667,0.2083,0.0606,0.0756,0.0881,0.0,0.1107,0.1155,0.064,0.9747,0.7648,0.0191,0.0,0.2069,0.1667,0.2083,0.062,0.0771,0.0918,0.0,0.1172,0.1145,0.0616,0.9747,0.7585,0.0209,0.0,0.2069,0.1667,0.2083,0.0617,0.0761,0.0897,0.0,0.113,0.0,0.0,0.0934,5.0,0.0,0.0,0.0,0.0,0.0,-756.0,0.0,1.0,0.0,0.0,0.0,0.0,0.0,0.0,0.0,0.0,0.0,0.0,0.0,0.0,0.0,0.0,0.0,0.0,0.0,0.0,0.0,0.0,0.0,0.0,2.0,1.0,2.0,1.0,-2408.0,-97.0,-1255.3333333333333,0.0,0.0,-1312.0,267.0,-429.6666666666667,-1875.0,-113.0,-761.5,0.0,0.0,0.0,0.0,959431.5,159905.25,315000.0,0.0,0.0,0.0,0.0,0.0,0.0,0.0,0.0,0.0,2.0,-942.0,-6.0,-340.5,0.3333333333333333,0.0,6.0,3004.92,18653.715,12408.0075,0.0,360000.0,167985.0,1175895.0,0.0,409896.0,187662.2142857143,1313635.5,2385.0,2385.0,2385.0,2385.0,23895.0,360000.0,195982.5,3.0,11.0,19.0,13.857142857142858,6.0,-1887.0,-48.0,-880.4285714285714,12.0,36.0,22.0,132.0,0.8571428571428571,1.1171357841169627,-62.0,-1.0,72.0,7.0,36.0,20.930555555555557,1507.0,0.0,36.0,13.5,972.0,68.0,0.0,0.0,0.0,0.0,0.0,0.0,-22.0,-1.0,21.0,0.0,97555.41,26734.62766304348,735678.135,45000.0,180000.0,149684.2105263158,0.0,69480.0,3472.8260869565215,146794.5,0.0,65250.0,9855.0,145495.71,0.0,24416.46,4079.0460000000003,123381.675,0.0,0.0,0.0,0.25301917296655135,2.0,22.0,-1856.0,-2.0,-744.2,3000.015,80457.435,13179.626357142857,922573.845,22.59,80457.435,12972.340928571428,908063.865,0.0015567521973016295,0.9999875712223336,0.9855943091463745,0.0,14487.39,207.28542857142855,2.0,0.04285714285714286,3.0,0.030845914,ACCORD,0
0.0,0.0,1.0,1.0,1.0,117000.0,691020.0,26905.5,495000.0,6.0,7.0,1.0,1.0,1.0,0.018029,-11509.0,-742.0,-1320.0,-1691.0,5.0,1.0,1.0,0.0,1.0,0.0,0.0,2.0,3.0,3.0,2.0,2.0,9.0,0.0,0.0,0.0,0.0,0.0,0.0,5.0,0.5054455334342673,0.5395757850576954,0.5513812618027899,0.0021,0.0764,0.9732,0.7552,0.0211,0.0,0.1379,0.0,0.2083,0.0482,0.0756,0.0014,0.0,0.0036,0.0021,0.0746,0.9732,0.7648,0.0191,0.0,0.1379,0.0,0.2083,0.0459,0.0771,0.0015,0.0,0.0011,0.0021,0.0759,0.9732,0.7585,0.0209,0.0,0.1379,0.0,0.2083,0.0487,0.0761,0.0014,0.0,0.0031,0.0,0.0,0.0014,6.0,0.0,1.0,0.0,1.0,0.0,-1154.0,0.0,1.0,0.0,0.0,0.0,0.0,0.0,0.0,0.0,0.0,0.0,0.0,0.0,0.0,0.0,0.0,0.0,0.0,0.0,0.0,0.0,0.0,0.0,0.0,0.0,2.0,0.0,1.0,-683.0,-590.0,-636.5,0.0,0.0,-501.0,-225.0,-363.0,-530.0,-225.0,-377.5,0.0,0.0,0.0,0.0,95175.0,47587.5,59175.0,0.0,0.0,0.0,0.0,0.0,0.0,0.0,0.0,0.0,1.0,-530.0,-225.0,-377.5,0.0,0.0,1.0,2250.0,6421.095,3895.0499999999997,0.0,45000.0,22626.0,135756.0,0.0,45000.0,23394.0,140364.0,0.0,2250.0,750.0,2250.0,22410.0,45000.0,33939.0,4.0,10.0,12.0,11.166666666666666,3.0,-1154.0,-221.0,-439.0,0.0,10.0,5.333333333333333,16.0,0.5,1.0339356349948805,-38.0,-7.0,19.0,6.0,10.0,8.526315789473685,162.0,0.0,10.0,4.0,76.0,17.0,0.0,15.0,4.105263157894737,0.0,15.0,2.8421052631578947,-7.0,-1.0,7.0,47085.345,142322.445,104444.04857142856,731108.34,90000.0,135000.0,115714.28571428571,6313.5,45941.715,27222.428571428572,190557.0,0.0,23094.0,10911.278571428571,76378.95,0.0,23094.0,10911.278571428571,76378.95,0.0,0.0,0.0,0.9025950886844187,2.0,18.0,-1119.0,-5.0,-495.475,108.36,17851.05,4155.95925,166238.37,5.67,17851.05,3628.7651250000004,145150.605,0.0018805627094696448,0.9999439840242437,0.8241232530563547,0.0,3008.3849999999998,527.194125,34.0,3.275,131.0,0.093866594,REFUS,0
0.0,0.0,0.0,0.0,0.0,225000.0,675000.0,32472.0,675000.0,6.0,4.0,4.0,1.0,1.0,0.030755,-13004.0,-5591.0,-7125.0,-3831.0,9.0,1.0,1.0,1.0,1.0,1.0,0.0,12.0,2.0,2.0,2.0,1.0,12.0,0.0,0.0,0.0,0.0,0.0,0.0,30.0,0.6801101306251,0.6775039479395278,0.4938628816996244,0.0691,0.1064,0.9831,0.7688,0.0032,0.0,0.1379,0.1667,0.2083,0.0144,0.0563,0.0651,0.0,0.0,0.0704,0.1104,0.9831,0.7779,0.0032,0.0,0.1379,0.1667,0.2083,0.0147,0.0615,0.0678,0.0,0.0,0.0697,0.1064,0.9831,0.7719,0.0032,0.0,0.1379,0.1667,0.2083,0.0146,0.0573,0.0663,0.0,0.0,3.0,0.0,0.0529,5.0,0.0,0.0,0.0,0.0,0.0,-2042.0,0.0,1.0,0.0,0.0,0.0,0.0,0.0,0.0,0.0,0.0,0.0,0.0,0.0,0.0,0.0,0.0,0.0,0.0,0.0,0.0,0.0,0.0,0.0,1.0,0.0,2.0,5.0,1.0,-2638.0,-781.0,-1504.0,0.0,0.0,-2077.0,27374.0,2655.625,-1073.0,-532.0,-795.0,0.0,0.0,2.0,0.2222222222222222,2283705.0,253745.0,670500.0,1243399.77,310849.9425,668358.0,32458.23,8114.5575,25365.78,0.0,0.0,0.0,2.0,-2079.0,-11.0,-751.3333333333334,0.5555555555555556,0.5444657806214985,2.0,2917.44,20380.5,12731.994,22455.0,450000.0,242819.1,1214095.5,21870.0,450000.0,243938.7,1219693.5,2250.0,9000.0,5625.0,11250.0,22455.0,450000.0,242819.1,3.0,12.0,15.0,14.0,5.0,-2721.0,-643.0,-1466.8,0.0,48.0,23.6,118.0,1.0,1.0046100124660602,-89.0,-1.0,55.0,10.0,48.0,31.89090909090909,1754.0,0.0,48.0,20.490909090909092,1127.0,53.0,0.0,0.0,0.0,0.0,0.0,0.0,-21.0,-1.0,21.0,0.0,244564.785,201684.645,4235377.545,225000.0,225000.0,225000.0,0.0,176306.895,11877.95357142857,249437.025,0.0,24075.0,11984.25,215716.5,0.0,13500.0,9132.767142857143,191788.11,0.0,0.0,0.0,0.8963722161234838,2.0,36.0,-2690.0,-18.0,-816.8152173913044,0.225,20380.5,11049.260869565218,1016532.0,0.225,20380.5,10667.583586956522,981417.6900000001,0.004415769202463018,0.9999509358977504,0.9534501864710283,0.0,20290.5,381.67728260869563,4.0,0.22826086956521738,21.0,0.094205044,REFUS,0
0.0,1.0,1.0,0.0,3.0,202500.0,204858.0,16218.0,171000.0,5.0,7.0,4.0,1.0,4.0,0.010006,-16220.0,-2531.0,-2119.0,-4619.0,10.0,1.0,1.0,0.0,1.0,0.0,0.0,4.0,5.0,2.0,2.0,6.0,10.0,0.0,0.0,0.0,0.0,0.0,0.0,4.0,0.5054455334342673,0.4365041483373393,0.1253078784282391,0.1237,0.0764,0.9955,0.9388,0.0211,0.12,0.1034,0.375,0.4167,0.0181,0.1009,0.1332,0.0,0.0,0.1261,0.0746,0.9955,0.9412,0.0191,0.1208,0.1034,0.375,0.4167,0.0185,0.1102,0.1388,0.0,0.0,0.1249,0.0759,0.9955,0.9396,0.0209,0.12,0.1034,0.375,0.4167,0.0184,0.1026,0.1356,0.0,0.0,3.0,0.0,0.1233,4.0,0.0,5.0,1.0,5.0,0.0,-938.0,0.0,0.0,0.0,0.0,0.0,0.0,1.0,0.0,0.0,0.0,0.0,0.0,0.0,0.0,0.0,0.0,0.0,0.0,0.0,0.0,0.0,0.0,0.0,0.0,0.0,0.0,2.0,1.0,-1377.0,-114.0,-592.1428571428571,0.0,0.0,-1073.0,1379.0,190.71428571428572,-1073.0,-111.0,-459.8,0.0,0.0,0.0,0.0,2487005.91,355286.5585714286,976500.0,781380.0,111625.71428571429,712152.0,120725.91,60362.955,120725.91,0.0,0.0,0.0,2.0,-1060.0,-14.0,-326.85714285714283,0.2857142857142857,0.31418489303674674,0.0,1859.085,1859.085,1859.085,18630.0,18630.0,18630.0,18630.0,18855.0,18855.0,18855.0,18855.0,1845.0,1845.0,1845.0,1845.0,18630.0,18630.0,18630.0,1.0,11.0,11.0,11.0,1.0,-938.0,-938.0,-938.0,14.0,14.0,14.0,14.0,1.0,1.012022972465246,-31.0,-18.0,14.0,13.0,14.0,13.928571428571429,195.0,0.0,14.0,7.428571428571429,104.0,13.0,0.0,0.0,0.0,0.0,0.0,0.0,-22.0,-1.0,21.0,0.0,97555.41,26734.62766304348,735678.135,45000.0,180000.0,149684.2105263158,0.0,69480.0,3472.8260869565215,146794.5,0.0,65250.0,9855.0,145495.71,0.0,24416.46,4079.0460000000003,123381.675,0.0,0.0,0.0,0.25301917296655135,2.0,13.0,-892.0,-532.0,-701.2857142857143,1859.085,3603.15,1983.6610714285714,27771.255,677.565,3603.15,1850.8692857142858,25912.170000000002,0.3642656115177532,0.9997225420695587,0.928090801713188,0.0,1181.52,132.7917857142857,4.0,0.2857142857142857,4.0,0.080789156,ACCORD,0
0.0,1.0,1.0,1.0,0.0,292500.0,225000.0,9661.5,225000.0,6.0,7.0,1.0,2.0,1.0,0.026392,-14862.0,-6771.0,-697.0,-914.0,3.0,1.0,1.0,0.0,1.0,0.0,0.0,8.0,1.0,2.0,2.0,5.0,17.0,0.0,0.0,0.0,0.0,1.0,1.0,4.0,0.2843628648058222,0.0634807933697981,0.5352762504724826,0.0186,0.0238,0.9732,0.7552,0.0211,0.0,0.1034,0.0833,0.2083,0.0379,0.0756,0.0294,0.0,0.0086,0.0189,0.0247,0.9732,0.7648,0.0191,0.0,0.1034,0.0833,0.2083,0.0387,0.0771,0.0306,0.0,0.0091,0.0187,0.0238,0.9732,0.7585,0.0209,0.0,0.1034,0.0833,0.2083,0.0385,0.0761,0.0299,0.0,0.0088,0.0,0.0,0.0291,5.0,0.0,3.0,0.0,3.0,0.0,-100.0,0.0,1.0,0.0,0.0,0.0,0.0,0.0,0.0,0.0,0.0,0.0,0.0,0.0,0.0,0.0,0.0,0.0,0.0,0.0,0.0,0.0,0.0,0.0,0.0,0.0,1.0,2.0,1.0,-1828.0,-300.0,-1050.375,0.0,0.0,-1267.0,910.0,-134.3875,-1451.0,-345.0,-928.0,0.0,0.0,0.0,0.0,961290.0,195750.82285714286,450000.0,169152.75,44196.06,149539.5,0.0,0.0,0.0,0.0,0.0,0.0,2.0,-1056.0,-19.0,-481.85164835164835,0.375,0.20711012950808616,1.0,7421.58,12146.355,9783.967499999999,0.0,240948.0,131684.625,526738.5,0.0,268191.0,138495.375,553981.5,0.0,0.0,0.0,0.0,121050.0,240948.0,175579.5,3.0,11.0,16.0,13.5,2.0,-933.0,-100.0,-524.75,24.0,24.0,24.0,48.0,0.5,1.051718164291837,-96.0,-1.0,41.0,4.0,24.0,21.073170731707318,864.0,0.0,24.0,13.292682926829269,545.0,40.0,0.0,7.0,0.17073170731707318,0.0,7.0,0.17073170731707318,-22.0,-1.0,21.0,0.0,97555.41,26734.62766304348,735678.135,45000.0,180000.0,149684.2105263158,0.0,69480.0,3472.8260869565215,146794.5,0.0,65250.0,9855.0,145495.71,0.0,24416.46,4079.0460000000003,123381.675,0.0,0.0,0.0,0.25301917296655135,1.0,20.0,-2914.0,-14.0,-342.9142857142857,7421.58,15293.88,10346.374285714284,362123.1,7421.58,15293.88,10346.374285714284,362123.1,0.9998652759552609,0.9999346186436245,0.999897200944509,0.0,0.0,0.0,15.0,0.42857142857142855,15.0,0.081406295,ACCORD,0
0.0,0.0,0.0,1.0,0.0,112500.0,445500.0,22743.0,445500.0,6.0,3.0,4.0,5.0,1.0,0.026392,-23036.0,365243.0,-8768.0,-4277.0,9.0,1.0,0.0,0.0,1.0,0.0,0.0,18.0,1.0,2.0,2.0,5.0,14.0,0.0,0.0,0.0,0.0,0.0,0.0,57.0,0.5054455334342673,0.5970180221351749,0.5352762504724826,0.0876,0.0764,0.9816,0.7552,0.0211,0.0,0.1379,0.1667,0.2083,0.0482,0.0756,0.0744,0.0,0.0036,0.084,0.0746,0.9816,0.7648,0.0191,0.0,0.1379,0.1667,0.2083,0.0459,0.0771,0.0731,0.0,0.0011,0.0874,0.0759,0.9816,0.7585,0.0209,0.0,0.1379,0.1667,0.2083,0.0487,0.0761,0.0748,0.0,0.0031,0.0,1.0,0.0688,7.0,2.0,1.0,1.0,1.0,1.0,0.0,0.0,1.0,0.0,0.0,0.0,0.0,0.0,0.0,0.0,0.0,0.0,0.0,0.0,0.0,0.0,0.0,0.0,0.0,0.0,0.0,0.0,0.0,0.0,0.0,0.0,1.0,2.0,1.0,-1828.0,-300.0,-1050.375,0.0,0.0,-1267.0,910.0,-134.3875,-1451.0,-345.0,-928.0,0.0,0.0,0.0,0.0,961290.0,195750.82285714286,450000.0,169152.75,44196.06,149539.5,0.0,0.0,0.0,0.0,0.0,0.0,2.0,-1056.0,-19.0,-481.85164835164835,0.375,0.20711012950808616,2.0,12578.535,16327.98,14453.2575,202500.0,450000.0,326250.0,652500.0,242595.0,553950.0,398272.5,796545.0,0.0,0.0,0.0,0.0,202500.0,450000.0,326250.0,2.0,11.0,14.0,12.5,2.0,-2564.0,-920.0,-1742.0,36.0,60.0,48.0,96.0,1.0,1.2207567497980847,-96.0,-1.0,69.0,10.0,60.0,45.68115942028985,3152.0,0.0,60.0,29.434782608695652,2031.0,67.0,0.0,0.0,0.0,0.0,0.0,0.0,-96.0,-1.0,96.0,0.0,92005.875,20832.01921875,1999873.845,45000.0,90000.0,82031.25,0.0,90000.0,937.5,90000.0,0.0,5850.0,1822.34109375,174944.745,0.0,5850.0,1795.3125,172350.0,0.0,0.0,0.0,0.2539491385247875,3.0,99.0,-2890.0,-18.0,-1334.9453551912568,41.58,16327.98,7575.887459016393,1386387.405,2.52,16327.98,6081.570983606557,1112927.49,0.00015557015226119983,0.9999387591876528,0.8940586383495343,0.0,16194.96,1494.316475409836,12.0,0.4644808743169399,85.0,0.08455238,ACCORD,0
0.0,0.0,0.0,0.0,0.0,135000.0,176328.0,14058.0,139500.0,6.0,1.0,1.0,2.0,5.0,0.019101,-10008.0,-248.0,-1190.0,-2689.0,9.0,1.0,1.0,0.0,1.0,0.0,0.0,11.0,1.0,2.0,2.0,0.0,14.0,0.0,0.0,0.0,0.0,1.0,1.0,30.0,0.6049488775935673,0.5980119638488971,0.2955826421513093,0.0876,0.0764,0.9816,0.7552,0.0211,0.0,0.1379,0.1667,0.2083,0.0482,0.0756,0.0744,0.0,0.0036,0.084,0.0746,0.9816,0.7648,0.0191,0.0,0.1379,0.1667,0.2083,0.0459,0.0771,0.0731,0.0,0.0011,0.0874,0.0759,0.9816,0.7585,0.0209,0.0,0.1379,0.1667,0.2083,0.0487,0.0761,0.0748,0.0,0.0031,0.0,1.0,0.0688,7.0,2.0,1.0,0.0,1.0,0.0,-263.0,0.0,1.0,0.0,0.0,0.0,0.0,0.0,0.0,0.0,0.0,0.0,0.0,0.0,0.0,0.0,0.0,0.0,0.0,0.0,0.0,0.0,0.0,0.0,0.0,0.0,4.0,5.0,1.0,-1754.0,-66.0,-564.8333333333334,0.0,0.0,-658.0,30981.0,10532.5,-658.0,-658.0,-658.0,0.0,0.0,0.0,0.0,449905.5,74984.25,125865.0,298309.5,49718.25,90634.5,0.0,0.0,0.0,0.0,0.0,0.0,2.0,-207.0,-9.0,-59.666666666666664,0.8333333333333334,0.6630477665915029,0.0,3406.905,29250.0,16226.689999999999,0.0,585000.0,282000.15,2820001.5,0.0,585000.0,268826.85,2688268.5,0.0,3825.0,2148.0,6444.0,26185.5,585000.0,313333.5,5.0,11.0,14.0,12.6,4.0,-1869.0,-432.0,-711.6,0.0,12.0,3.111111111111111,28.0,0.4,0.9532858570160843,-62.0,-6.0,31.0,6.0,12.0,9.935483870967742,308.0,0.0,12.0,4.967741935483871,154.0,29.0,0.0,0.0,0.0,0.0,0.0,0.0,-15.0,-2.0,14.0,28345.5,282673.98,217954.8482142857,3051367.875,270000.0,270000.0,270000.0,0.0,58050.0,20732.14285714286,290250.0,3600.0,14400.0,11606.25,139275.0,0.0,14400.0,9948.214285714286,139275.0,0.0,0.0,0.0,0.8072371888040626,3.0,26.0,-1832.0,-21.0,-463.75925925925924,12.69,14067.765,5876.945833333333,317355.075,12.69,14067.765,5876.945833333333,317355.075,0.926953981008035,0.9999289205555711,0.9973521277604184,0.0,0.0,0.0,3.0,0.07407407407407407,4.0,0.087829456,ACCORD,0
0.0,1.0,1.0,1.0,2.0,90000.0,333000.0,17131.5,333000.0,6.0,7.0,4.0,1.0,1.0,0.001417,-14834.0,-7733.0,-4268.0,-5047.0,15.0,1.0,1.0,0.0,1.0,1.0,0.0,4.0,4.0,2.0,2.0,1.0,6.0,0.0,0.0,0.0,0.0,0.0,0.0,55.0,0.3406404032742641,0.470531240505625,0.5352762504724826,0.0876,0.0764,0.9816,0.7552,0.0211,0.0,0.1379,0.1667,0.2083,0.0482,0.0756,0.0744,0.0,0.0036,0.084,0.0746,0.9816,0.7648,0.0191,0.0,0.1379,0.1667,0.2083,0.0459,0.0771,0.0731,0.0,0.0011,0.0874,0.0759,0.9816,0.7585,0.0209,0.0,0.1379,0.1667,0.2083,0.0487,0.0761,0.0748,0.0,0.0031,0.0,1.0,0.0688,7.0,2.0,7.0,3.0,7.0,3.0,-1855.0,0.0,1.0,0.0,0.0,0.0,0.0,0.0,0.0,0.0,0.0,0.0,0.0,0.0,0.0,0.0,0.0,0.0,0.0,0.0,0.0,0.0,0.0,0.0,0.0,0.0,1.0,2.0,1.0,-1828.0,-300.0,-1050.375,0.0,0.0,-1267.0,910.0,-134.3875,-1451.0,-345.0,-928.0,0.0,0.0,0.0,0.0,961290.0,195750.82285714286,450000.0,169152.75,44196.06,149539.5,0.0,0.0,0.0,0.0,0.0,0.0,2.0,-1056.0,-19.0,-481.85164835164835,0.375,0.20711012950808616,1.0,3074.625,17171.91,10233.644999999999,0.0,247500.0,103247.94857142857,722735.64,0.0,291456.0,113933.57142857143,797535.0,0.0,10799.64,3205.035,12820.14,20205.0,247500.0,120455.94,4.0,7.0,13.0,9.285714285714286,5.0,-2869.0,-174.0,-1124.2857142857142,0.0,24.0,10.333333333333334,62.0,0.7142857142857143,1.1034932447869255,-95.0,-2.0,59.0,6.0,24.0,13.830508474576272,816.0,0.0,24.0,8.067796610169491,476.0,55.0,0.0,7.0,0.11864406779661017,0.0,0.0,0.0,-22.0,-1.0,21.0,0.0,97555.41,26734.62766304348,735678.135,45000.0,180000.0,149684.2105263158,0.0,69480.0,3472.8260869565215,146794.5,0.0,65250.0,9855.0,145495.71,0.0,24416.46,4079.0460000000003,123381.675,0.0,0.0,0.0,0.25301917296655135,1.0,16.0,-2837.0,-24.0,-1199.1818181818182,3073.05,17171.91,10913.097272727273,600220.35,1.575,17171.91,10857.195,597145.725,0.0005120910384068278,0.9999417687508989,0.981697460023423,0.0,3073.05,55.902272727272724,18.0,0.32727272727272727,18.0,0.082770206,ACCORD,0
0.0,1.0,0.0,1.0,0.0,67500.0,450000.0,21888.0,450000.0,1.0,7.0,1.0,1.0,1.0,0.028663,-18399.0,-2269.0,-883.0,-1800.0,9.0,1.0,1.0,0.0,1.0,0.0,0.0,4.0,2.0,2.0,2.0,2.0,10.0,0.0,0.0,0.0,0.0,1.0,1.0,5.0,0.5054455334342673,0.5563601161234271,0.5352762504724826,0.0876,0.0764,0.9816,0.7552,0.0211,0.0,0.1379,0.1667,0.2083,0.0482,0.0756,0.0744,0.0,0.0036,0.084,0.0746,0.9816,0.7648,0.0191,0.0,0.1379,0.1667,0.2083,0.0459,0.0771,0.0731,0.0,0.0011,0.0874,0.0759,0.9816,0.7585,0.0209,0.0,0.1379,0.1667,0.2083,0.0487,0.0761,0.0748,0.0,0.0031,0.0,1.0,0.0688,7.0,2.0,3.0,2.0,3.0,2.0,-982.0,0.0,1.0,0.0,0.0,0.0,0.0,0.0,0.0,0.0,0.0,0.0,0.0,0.0,0.0,0.0,0.0,0.0,0.0,0.0,0.0,0.0,0.0,0.0,0.0,0.0,1.0,2.0,1.0,-1828.0,-300.0,-1050.375,0.0,0.0,-1267.0,910.0,-134.3875,-1451.0,-345.0,-928.0,0.0,0.0,0.0,0.0,961290.0,195750.82285714286,450000.0,169152.75,44196.06,149539.5,0.0,0.0,0.0,0.0,0.0,0.0,2.0,-1056.0,-19.0,-481.85164835164835,0.375,0.20711012950808616,1.0,6259.32,84770.01,30658.05,0.0,675000.0,200497.5,801990.0,50724.0,767983.5,335536.875,1342147.5,5220.0,7650.0,6435.0,12870.0,51840.0,675000.0,267330.0,3.0,9.0,10.0,9.5,3.0,-982.0,-428.0,-614.5,0.0,12.0,8.0,32.0,0.75,1.6735194035843295,-32.0,-11.0,20.0,9.0,10.0,9.9,198.0,0.0,10.0,5.4,108.0,18.0,0.0,0.0,0.0,0.0,0.0,0.0,-22.0,-1.0,21.0,0.0,97555.41,26734.62766304348,735678.135,45000.0,180000.0,149684.2105263158,0.0,69480.0,3472.8260869565215,146794.5,0.0,65250.0,9855.0,145495.71,0.0,24416.46,4079.0460000000003,123381.675,0.0,0.0,0.0,0.25301917296655135,2.0,9.0,-947.0,-348.0,-647.5,6259.32,17844.57,8499.5725,152992.305,6259.32,17844.57,8499.5725,152992.305,0.9998402637564853,0.9999439636839843,0.9998725390004704,0.0,0.0,0.0,1.0,0.05555555555555555,1.0,0.097671755,REFUS,0
0.0,1.0,1.0,1.0,0.0,180000.0,1350000.0,39474.0,1350000.0,6.0,7.0,4.0,0.0,1.0,0.011703,-19505.0,-10241.0,-11834.0,-3057.0,13.0,1.0,1.0,0.0,1.0,1.0,0.0,8.0,2.0,2.0,2.0,1.0,15.0,0.0,0.0,0.0,0.0,0.0,0.0,4.0,0.5054455334342673,0.2975631078951108,0.5620604831738043,0.1031,0.0643,0.9821,0.7552,0.0112,0.0,0.2069,0.1667,0.2083,0.0706,0.0841,0.0913,0.0,0.0,0.105,0.0667,0.9821,0.7648,0.0113,0.0,0.2069,0.1667,0.2083,0.0722,0.0918,0.0951,0.0,0.0,0.1041,0.0643,0.9821,0.7585,0.0112,0.0,0.2069,0.1667,0.2083,0.0718,0.0855,0.0929,0.0,0.0,3.0,0.0,0.0779,5.0,0.0,0.0,0.0,0.0,0.0,-496.0,0.0,1.0,0.0,0.0,0.0,0.0,0.0,0.0,0.0,0.0,0.0,0.0,0.0,0.0,0.0,0.0,0.0,0.0,0.0,0.0,0.0,0.0,0.0,2.0,0.0,0.0,5.0,1.0,-2757.0,-213.0,-1344.125,0.0,0.0,-2253.0,1613.0,-128.28571428571428,-2252.0,-671.0,-1286.6666666666667,0.0,0.0,0.0,0.0,2100665.925,262583.240625,652500.0,870687.0,108835.875,585256.5,209250.0,34875.0,209250.0,0.0,0.0,0.0,2.0,-484.0,-10.0,-127.625,0.625,0.4144812248138767,0.0,13805.145,13805.145,13805.145,270706.5,270706.5,270706.5,270706.5,306441.0,306441.0,306441.0,306441.0,0.0,0.0,0.0,0.0,270706.5,270706.5,270706.5,1.0,18.0,18.0,18.0,1.0,-496.0,-496.0,-496.0,24.0,24.0,24.0,24.0,1.0,1.1320004063426392,-16.0,-13.0,4.0,3.0,24.0,18.75,75.0,0.0,24.0,17.25,69.0,3.0,0.0,0.0,0.0,0.0,0.0,0.0,-22.0,-1.0,21.0,0.0,97555.41,26734.62766304348,735678.135,45000.0,180000.0,149684.2105263158,0.0,69480.0,3472.8260869565215,146794.5,0.0,65250.0,9855.0,145495.71,0.0,24416.46,4079.0460000000003,123381.675,0.0,0.0,0.0,0.25301917296655135,2.0,3.0,-465.0,-405.0,-435.0,13805.145,284432.985,104014.42499999999,312043.27499999997,13805.145,284432.985,104014.42499999999,312043.27499999997,0.9999275684849029,0.9999964842457205,0.9999505404051755,0.0,0.0,0.0,0.0,0.0,0.0,0.087055795,ACCORD,0
0.0,1.0,0.0,1.0,0.0,90000.0,193500.0,9540.0,193500.0,6.0,7.0,4.0,3.0,1.0,0.035792,-19713.0,-8578.0,-8619.0,-3274.0,9.0,1.0,1.0,1.0,1.0,0.0,0.0,8.0,1.0,2.0,2.0,2.0,12.0,0.0,0.0,0.0,0.0,1.0,1.0,5.0,0.5054455334342673,0.3554662560755833,0.5352762504724826,0.0876,0.0764,0.9816,0.7552,0.0211,0.0,0.1379,0.1667,0.2083,0.0482,0.0756,0.0744,0.0,0.0036,0.084,0.0746,0.9816,0.7648,0.0191,0.0,0.1379,0.1667,0.2083,0.0459,0.0771,0.0731,0.0,0.0011,0.0874,0.0759,0.9816,0.7585,0.0209,0.0,0.1379,0.1667,0.2083,0.0487,0.0761,0.0748,0.0,0.0031,0.0,1.0,0.0688,7.0,2.0,0.0,0.0,0.0,0.0,-699.0,0.0,1.0,0.0,0.0,0.0,0.0,0.0,0.0,0.0,0.0,0.0,0.0,0.0,0.0,0.0,0.0,0.0,0.0,0.0,0.0,0.0,0.0,0.0,1.0,0.0,8.0,0.0,1.0,-1048.0,-1048.0,-1048.0,0.0,0.0,-921.0,-921.0,-921.0,-921.0,-921.0,-921.0,6228.0,6228.0,0.0,0.0,46008.0,46008.0,46008.0,0.0,44196.06,149539.5,0.0,0.0,0.0,0.0,0.0,0.0,1.0,-915.0,-915.0,-915.0,0.0,0.0,8.0,2250.0,25859.745,11897.04375,0.0,270000.0,85087.5,1021050.0,0.0,353569.5,112525.875,1350310.5,2205.0,2205.0,2205.0,2205.0,22050.0,270000.0,145864.2857142857,5.0,8.0,19.0,11.833333333333334,4.0,-1433.0,-158.0,-477.1666666666667,0.0,24.0,13.5,108.0,0.3333333333333333,1.3224711596188634,-47.0,-1.0,33.0,6.0,24.0,15.515151515151516,512.0,0.0,24.0,11.787878787878787,389.0,30.0,0.0,0.0,0.0,0.0,0.0,0.0,-22.0,-1.0,21.0,0.0,97555.41,26734.62766304348,735678.135,45000.0,180000.0,149684.2105263158,0.0,69480.0,3472.8260869565215,146794.5,0.0,65250.0,9855.0,145495.71,0.0,24416.46,4079.0460000000003,123381.675,0.0,0.0,0.0,0.25301917296655135,2.0,10.0,-1402.0,-6.0,-534.9333333333333,4291.515,147157.02,22303.26,669097.7999999999,4291.515,147157.02,22303.26,669097.7999999999,0.9997670363411659,0.9999932045837528,0.9999108290047303,0.0,0.0,0.0,0.0,0.0,0.0,0.09453953,REFUS,0
0.0,1.0,0.0,1.0,0.0,148500.0,284400.0,18643.5,225000.0,6.0,7.0,4.0,0.0,1.0,0.014464,-24200.0,-1191.0,-12511.0,-2474.0,9.0,1.0,1.0,0.0,1.0,1.0,0.0,16.0,2.0,2.0,2.0,4.0,4.0,0.0,0.0,0.0,0.0,0.0,0.0,21.0,0.5054455334342673,0.030108122688633,0.5388627065779676,0.0928,0.1035,0.9831,0.7688,0.0714,0.0,0.2069,0.1667,0.2083,0.0711,0.0756,0.0839,0.0,0.0007,0.0945,0.1074,0.9831,0.7779,0.072,0.0,0.2069,0.1667,0.2083,0.0728,0.0826,0.0874,0.0,0.0008,0.0937,0.1035,0.9831,0.7719,0.0718,0.0,0.2069,0.1667,0.2083,0.0724,0.077,0.0854,0.0,0.0008,0.0,0.0,0.0662,4.0,0.0,0.0,0.0,0.0,0.0,-660.0,0.0,1.0,0.0,0.0,0.0,0.0,0.0,0.0,0.0,0.0,0.0,0.0,0.0,0.0,0.0,0.0,0.0,0.0,0.0,0.0,0.0,0.0,0.0,0.0,0.0,3.0,0.0,1.0,-2849.0,-2380.0,-2614.5,0.0,0.0,-2544.0,-1999.0,-2271.5,-1716.0,-1424.0,-1570.0,67365.0,67365.0,0.0,0.0,202365.0,101182.5,135000.0,0.0,0.0,0.0,0.0,0.0,0.0,0.0,0.0,0.0,1.0,-1716.0,-499.0,-1107.5,0.0,0.0,2.0,8259.75,12466.035,10362.8925,0.0,180000.0,72555.0,217665.0,0.0,203760.0,81027.0,243081.0,0.0,0.0,0.0,0.0,37665.0,180000.0,108832.5,3.0,4.0,6.0,5.333333333333333,2.0,-660.0,-229.0,-446.6666666666667,5.0,24.0,14.5,29.0,0.6666666666666666,1.1167614602188674,-22.0,-2.0,20.0,5.0,24.0,18.3,366.0,0.0,24.0,13.0,260.0,19.0,0.0,0.0,0.0,0.0,0.0,0.0,-22.0,-1.0,21.0,0.0,97555.41,26734.62766304348,735678.135,45000.0,180000.0,149684.2105263158,0.0,69480.0,3472.8260869565215,146794.5,0.0,65250.0,9855.0,145495.71,0.0,24416.46,4079.0460000000003,123381.675,0.0,0.0,0.0,0.25301917296655135,1.0,14.0,-627.0,-31.0,-312.0,8252.955,12466.035,11414.124,228282.48,6203.835,12466.035,10790.822250000001,215816.445,0.497619121146287,0.9999197884661429,0.9499135833475287,0.0,6262.2,623.30175,2.0,0.2,4.0,0.2847477,REFUS,0
0.0,0.0,0.0,1.0,0.0,112500.0,170640.0,13612.5,135000.0,6.0,7.0,4.0,2.0,1.0,0.025164,-15710.0,-683.0,-2276.0,-2283.0,9.0,1.0,1.0,0.0,1.0,0.0,0.0,11.0,1.0,2.0,2.0,0.0,10.0,0.0,0.0,0.0,0.0,1.0,1.0,30.0,0.5054455334342673,0.1596792335026377,0.1419915427739129,0.0876,0.0764,0.9816,0.7552,0.0211,0.0,0.1379,0.1667,0.2083,0.0482,0.0756,0.0744,0.0,0.0036,0.084,0.0746,0.9816,0.7648,0.0191,0.0,0.1379,0.1667,0.2083,0.0459,0.0771,0.0731,0.0,0.0011,0.0874,0.0759,0.9816,0.7585,0.0209,0.0,0.1379,0.1667,0.2083,0.0487,0.0761,0.0748,0.0,0.0031,0.0,1.0,0.0688,7.0,2.0,5.0,0.0,5.0,0.0,-1240.0,0.0,1.0,0.0,0.0,0.0,0.0,0.0,0.0,0.0,0.0,0.0,0.0,0.0,0.0,0.0,0.0,0.0,0.0,0.0,0.0,0.0,0.0,0.0,0.0,0.0,3.0,2.0,1.0,-1040.0,-171.0,-471.5,0.0,0.0,-492.0,31154.0,10174.333333333334,-472.0,-142.0,-307.0,0.0,0.0,0.0,0.0,803263.5,200815.875,405000.0,169830.0,84915.0,169830.0,0.0,0.0,0.0,0.0,0.0,0.0,2.0,-464.0,-3.0,-184.25,0.5,0.21142475485970064,0.0,3773.88,14625.0,8718.536250000001,0.0,99418.5,54850.5,219402.0,18508.5,292500.0,136073.25,544293.0,0.0,2056.5,685.5,2056.5,20565.0,99418.5,73134.0,2.0,8.0,10.0,9.25,2.0,-1240.0,-629.0,-988.25,0.0,24.0,12.0,48.0,0.5,2.4807910557284996,-41.0,-34.0,8.0,6.0,6.0,6.0,48.0,0.0,6.0,3.375,27.0,6.0,0.0,0.0,0.0,0.0,0.0,0.0,-21.0,-1.0,21.0,0.0,117690.795,57791.41071428572,1213619.625,292500.0,292500.0,292500.0,0.0,63246.42,17898.443571428572,375867.315,0.0,138181.5,17251.8525,345037.05,0.0,131488.74,13680.792857142855,287296.64999999997,0.0,0.0,0.0,0.1975767970512433,2.0,48.0,-1194.0,-9.0,-411.8727272727273,19.98,127182.24,6816.91990909091,374930.59500000003,19.98,127182.24,6791.553000000001,373535.41500000004,0.3932157744703405,0.9999921373287864,0.9793318998198896,0.0,846.1800000000001,25.366909090909097,12.0,0.7272727272727273,40.0,0.22378033,REFUS,0
0.0,1.0,0.0,1.0,0.0,135000.0,755190.0,36459.0,675000.0,6.0,7.0,4.0,1.0,1.0,0.009549,-21119.0,-444.0,-3909.0,-4166.0,9.0,1.0,1.0,0.0,1.0,1.0,0.0,8.0,2.0,2.0,2.0,0.0,11.0,0.0,0.0,0.0,0.0,0.0,0.0,5.0,0.5054455334342673,0.5848661180948642,0.7047064232963289,0.2402,0.1706,0.9826,0.7552,0.0211,0.28,0.2414,0.3333,0.375,0.1875,0.1933,0.0744,0.0116,0.0036,0.2447,0.177,0.9826,0.7648,0.0191,0.282,0.2414,0.3333,0.375,0.1918,0.2112,0.0731,0.0117,0.0011,0.2425,0.1706,0.9826,0.7585,0.0209,0.28,0.2414,0.3333,0.375,0.1907,0.1967,0.0748,0.0116,0.0031,1.0,0.0,0.2482,5.0,0.0,0.0,0.0,0.0,0.0,-1949.0,0.0,0.0,0.0,0.0,0.0,0.0,1.0,0.0,0.0,0.0,0.0,0.0,0.0,0.0,0.0,0.0,0.0,0.0,0.0,0.0,0.0,0.0,0.0,3.0,2.0,4.0,2.0,1.0,-2761.0,-340.0,-1839.857142857143,0.0,0.0,-2454.0,1216.0,-1020.4285714285714,-2454.0,-547.0,-1823.0,1738.125,869.0625,0.0,0.0,1758595.5,251227.92857142858,735750.0,1108255.5,158322.2142857143,570460.5,0.0,0.0,0.0,0.0,0.0,0.0,2.0,-1248.0,-4.0,-635.4285714285714,0.2857142857142857,0.6301931682452455,8.0,11250.0,47128.815,20999.695,0.0,540000.0,225000.0,2250000.0,0.0,604152.0,294826.95,2948269.5,0.0,0.0,0.0,0.0,0.0,540000.0,281250.0,4.0,10.0,19.0,12.1,4.0,-2495.0,-36.0,-1098.1,0.0,60.0,22.666666666666668,204.0,0.4,1.3103414176260366,-82.0,-19.0,82.0,1.0,60.0,48.390243902439025,3968.0,0.0,60.0,24.548780487804876,2013.0,78.0,0.0,15.0,0.573170731707317,0.0,4.0,0.21951219512195122,-42.0,-1.0,42.0,0.0,230396.085,180479.06035714285,7580120.535,225000.0,225000.0,225000.0,0.0,180000.0,20243.14285714286,850212.0,0.0,233629.38,22573.653214285714,948093.435,0.0,233629.38,22573.653214285714,948093.435,0.0,0.0,0.0,0.8021255921402254,3.0,101.0,-2463.0,-25.0,-1134.1832460732985,0.495,269746.74,15648.387408376964,2988841.995,0.495,269746.74,13013.685,2485613.835,0.0009793253536452666,0.9999962928327036,0.8341098084816767,0.0,17442.9,2634.7024083769634,33.0,1.774869109947644,339.0,0.23501375,REFUS,0
0.0,1.0,0.0,1.0,1.0,121500.0,269550.0,21294.0,225000.0,6.0,7.0,4.0,1.0,1.0,0.007114,-12062.0,-147.0,-333.0,-3750.0,9.0,1.0,1.0,0.0,1.0,1.0,0.0,3.0,3.0,2.0,2.0,5.0,13.0,0.0,0.0,0.0,0.0,0.0,0.0,42.0,0.2864559388092508,0.4801620050282806,0.3170317785834444,0.0314,0.0764,0.9781,0.7552,0.0211,0.0,0.0862,0.0833,0.2083,0.0,0.0756,0.0323,0.0,0.0381,0.0126,0.0746,0.9727,0.7648,0.0191,0.0,0.069,0.0417,0.2083,0.0,0.0771,0.0103,0.0,0.0,0.0317,0.0759,0.9781,0.7585,0.0209,0.0,0.0862,0.0833,0.2083,0.0,0.0761,0.0329,0.0,0.0389,0.0,0.0,0.0539,6.0,0.0,2.0,1.0,2.0,1.0,-265.0,0.0,1.0,0.0,0.0,0.0,0.0,0.0,0.0,0.0,0.0,0.0,0.0,0.0,0.0,0.0,0.0,0.0,0.0,0.0,0.0,0.0,0.0,0.0,0.0,0.0,0.0,1.0,1.0,-2683.0,-129.0,-1969.75,0.0,0.0,-2348.0,177.0,-1451.0,-2375.0,-1487.0,-2007.6666666666667,5832.72,3444.2400000000002,0.0,0.0,390854.7,97713.675,180000.0,91552.5,22888.125,91552.5,0.0,0.0,0.0,0.0,0.0,0.0,2.0,-2375.0,-9.0,-1502.75,0.25,0.23423606205563843,0.0,9658.35,9658.35,9658.35,64255.5,64255.5,64255.5,64255.5,69912.0,69912.0,69912.0,69912.0,0.0,0.0,0.0,0.0,64255.5,64255.5,64255.5,1.0,16.0,16.0,16.0,1.0,-265.0,-265.0,-265.0,10.0,10.0,10.0,10.0,1.0,1.0880144421186961,-8.0,-1.0,8.0,10.0,10.0,10.0,80.0,3.0,10.0,6.5,52.0,8.0,0.0,0.0,0.0,0.0,0.0,0.0,-22.0,-1.0,21.0,0.0,97555.41,26734.62766304348,735678.135,45000.0,180000.0,149684.2105263158,0.0,69480.0,3472.8260869565215,146794.5,0.0,65250.0,9855.0,145495.71,0.0,24416.46,4079.0460000000003,123381.675,0.0,0.0,0.0,0.25301917296655135,1.0,8.0,-234.0,-24.0,-129.0,9658.35,9658.35,9658.35,77266.8,9658.35,9658.35,9658.35,77266.8,0.9998964733651851,0.9998964733651851,0.9998964733651851,0.0,0.0,0.0,0.0,0.0,0.0,0.19571736,REFUS,0
0.0,1.0,0.0,0.0,0.0,90000.0,284400.0,22599.0,225000.0,1.0,1.0,4.0,1.0,5.0,0.01885,-8102.0,-137.0,-8091.0,-777.0,9.0,1.0,1.0,0.0,1.0,0.0,0.0,8.0,2.0,2.0,2.0,4.0,12.0,0.0,0.0,0.0,1.0,1.0,0.0,5.0,0.5054455334342673,0.2240908872302894,0.5352762504724826,0.0876,0.0764,0.9816,0.7552,0.0211,0.0,0.1379,0.1667,0.2083,0.0482,0.0756,0.0744,0.0,0.0036,0.084,0.0746,0.9816,0.7648,0.0191,0.0,0.1379,0.1667,0.2083,0.0459,0.0771,0.0731,0.0,0.0011,0.0874,0.0759,0.9816,0.7585,0.0209,0.0,0.1379,0.1667,0.2083,0.0487,0.0761,0.0748,0.0,0.0031,0.0,1.0,0.0688,7.0,2.0,4.0,0.0,3.0,0.0,-538.0,0.0,1.0,0.0,0.0,0.0,0.0,0.0,0.0,0.0,0.0,0.0,0.0,0.0,0.0,0.0,0.0,0.0,0.0,0.0,0.0,0.0,0.0,0.0,0.0,0.0,1.0,2.0,1.0,-1828.0,-300.0,-1050.375,0.0,0.0,-1267.0,910.0,-134.3875,-1451.0,-345.0,-928.0,0.0,0.0,0.0,0.0,961290.0,195750.82285714286,450000.0,169152.75,44196.06,149539.5,0.0,0.0,0.0,0.0,0.0,0.0,2.0,-1056.0,-19.0,-481.85164835164835,0.375,0.20711012950808616,0.0,6043.77,6433.92,6303.87,76041.0,76041.0,76041.0,380205.0,76041.0,88087.5,82393.2,411966.0,0.0,3780.0,1260.0,3780.0,76041.0,76041.0,76041.0,1.0,18.0,18.0,18.0,1.0,-538.0,-538.0,-538.0,18.0,18.0,18.0,54.0,0.2,1.083533663329879,-18.0,-1.0,18.0,18.0,18.0,18.0,324.0,1.0,18.0,9.5,171.0,18.0,0.0,0.0,0.0,0.0,0.0,0.0,-22.0,-1.0,21.0,0.0,97555.41,26734.62766304348,735678.135,45000.0,180000.0,149684.2105263158,0.0,69480.0,3472.8260869565215,146794.5,0.0,65250.0,9855.0,145495.71,0.0,24416.46,4079.0460000000003,123381.675,0.0,0.0,0.0,0.25301917296655135,1.0,17.0,-506.0,-26.0,-254.33333333333334,6043.77,6043.77,6043.77,108787.86000000002,468.45,6043.77,5708.005000000001,102744.09000000001,0.07749674512016172,0.9998345677337599,0.9442882028596622,0.0,5575.320000000001,335.7650000000001,8.0,0.4444444444444444,8.0,0.27086818,REFUS,0
0.0,0.0,1.0,1.0,1.0,247500.0,592560.0,35937.0,450000.0,5.0,7.0,1.0,1.0,1.0,0.072508,-10106.0,-1098.0,-420.0,-1979.0,1.0,1.0,1.0,0.0,1.0,0.0,0.0,14.0,3.0,1.0,1.0,5.0,13.0,0.0,0.0,0.0,0.0,0.0,0.0,4.0,0.4991520173093786,0.6862176447317322,0.6380435278721609,0.2722,0.0975,0.9876,0.83,0.0211,0.32,0.1379,0.6667,0.7083,0.0,0.0756,0.2981,0.0,0.0511,0.1418,0.0511,0.9876,0.8367,0.0191,0.4028,0.1724,0.6667,0.7083,0.0,0.0771,0.1557,0.0,0.0037,0.3029,0.1063,0.9876,0.8323,0.0209,0.36,0.1552,0.6667,0.7083,0.0,0.0761,0.3372,0.0,0.0362,3.0,0.0,0.2407,4.0,0.0,2.0,2.0,2.0,0.0,-767.0,0.0,1.0,0.0,0.0,0.0,0.0,0.0,0.0,0.0,0.0,0.0,0.0,0.0,0.0,0.0,0.0,0.0,0.0,0.0,0.0,0.0,0.0,0.0,0.0,0.0,1.0,1.0,1.0,-607.0,-607.0,-607.0,0.0,0.0,513.0,513.0,513.0,-1451.0,-345.0,-928.0,0.0,0.0,0.0,0.0,337500.0,337500.0,337500.0,322492.5,322492.5,322492.5,0.0,0.0,0.0,0.0,0.0,0.0,1.0,-31.0,-31.0,-31.0,1.0,0.9555305021318455,0.0,24986.52,24986.52,24986.52,114466.5,114466.5,114466.5,114466.5,134415.0,134415.0,134415.0,134415.0,0.0,0.0,0.0,0.0,114466.5,114466.5,114466.5,1.0,19.0,19.0,19.0,1.0,-767.0,-767.0,-767.0,6.0,6.0,6.0,6.0,1.0,1.1742634372201717,-26.0,-19.0,8.0,6.0,6.0,6.0,48.0,0.0,6.0,2.625,21.0,7.0,0.0,3.0,0.625,0.0,3.0,0.375,-22.0,-1.0,21.0,0.0,97555.41,26734.62766304348,735678.135,45000.0,180000.0,149684.2105263158,0.0,69480.0,3472.8260869565215,146794.5,0.0,65250.0,9855.0,145495.71,0.0,24416.46,4079.0460000000003,123381.675,0.0,0.0,0.0,0.25301917296655135,2.0,101.0,-736.0,-586.0,-656.7272727272727,346.545,24986.52,20505.48136363636,225560.29499999998,0.9,24986.52,13659.471818181819,150254.19,0.000922060292498015,0.999959980022027,0.6360802305915377,0.0,24963.48,6846.009545454546,38.0,7.818181818181818,86.0,0.16533129,REFUS,0
0.0,0.0,0.0,1.0,1.0,67500.0,227520.0,18103.5,180000.0,6.0,4.0,4.0,1.0,1.0,0.00733,-12830.0,-657.0,-3730.0,-1907.0,9.0,1.0,1.0,0.0,1.0,0.0,0.0,18.0,3.0,2.0,2.0,1.0,14.0,0.0,0.0,0.0,0.0,0.0,0.0,33.0,0.5161955568908428,0.3926868553779481,0.5352762504724826,0.0876,0.0764,0.9816,0.7552,0.0211,0.0,0.1379,0.1667,0.2083,0.0482,0.0756,0.0744,0.0,0.0036,0.084,0.0746,0.9816,0.7648,0.0191,0.0,0.1379,0.1667,0.2083,0.0459,0.0771,0.0731,0.0,0.0011,0.0874,0.0759,0.9816,0.7585,0.0209,0.0,0.1379,0.1667,0.2083,0.0487,0.0761,0.0748,0.0,0.0031,0.0,1.0,0.0688,7.0,2.0,0.0,0.0,0.0,0.0,-516.0,0.0,1.0,0.0,0.0,0.0,0.0,0.0,0.0,0.0,0.0,0.0,0.0,0.0,0.0,0.0,0.0,0.0,0.0,0.0,0.0,0.0,0.0,0.0,0.0,0.0,1.0,2.0,1.0,-1828.0,-300.0,-1050.375,0.0,0.0,-1267.0,910.0,-134.3875,-1451.0,-345.0,-928.0,0.0,0.0,0.0,0.0,961290.0,195750.82285714286,450000.0,169152.75,44196.06,149539.5,0.0,0.0,0.0,0.0,0.0,0.0,2.0,-1056.0,-19.0,-481.85164835164835,0.375,0.20711012950808616,5.0,2250.0,22680.045,13880.047499999999,0.0,225000.0,90016.875,720135.0,0.0,247275.0,96330.375,770643.0,0.0,0.0,0.0,0.0,45000.0,225000.0,120022.5,3.0,12.0,16.0,13.125,3.0,-516.0,-21.0,-265.125,0.0,24.0,11.0,66.0,0.375,1.0701353633202617,-17.0,-2.0,15.0,6.0,6.0,6.0,90.0,0.0,6.0,2.8,42.0,13.0,0.0,12.0,1.9333333333333333,0.0,12.0,1.9333333333333333,-9.0,-1.0,9.0,0.0,0.0,0.0,0.0,45000.0,90000.0,80000.0,0.0,0.0,0.0,0.0,0.0,65250.0,9855.0,0.0,0.0,0.0,0.0,0.0,0.0,0.0,0.0,0.0,1.0,6.0,-485.0,-89.0,-269.8,11350.935,17568.225,14667.939,220019.085,480.96,17568.225,11568.731999999998,173530.97999999998,0.04235383629101002,0.9999430822930436,0.7999420058536235,0.0,16267.634999999998,3099.207,14.0,2.466666666666667,37.0,0.17880252,REFUS,0
0.0,0.0,1.0,1.0,0.0,180000.0,997335.0,35464.5,832500.0,5.0,7.0,4.0,1.0,1.0,0.00702,-10203.0,-3240.0,-337.0,-337.0,11.0,1.0,1.0,1.0,1.0,1.0,0.0,12.0,2.0,2.0,2.0,2.0,12.0,0.0,0.0,0.0,0.0,0.0,0.0,43.0,0.5054455334342673,0.5902976933005458,0.1963339662134567,0.0876,0.0764,0.9816,0.7552,0.0211,0.0,0.1379,0.1667,0.2083,0.0482,0.0756,0.0744,0.0,0.0036,0.084,0.0746,0.9816,0.7648,0.0191,0.0,0.1379,0.1667,0.2083,0.0459,0.0771,0.0731,0.0,0.0011,0.0874,0.0759,0.9816,0.7585,0.0209,0.0,0.1379,0.1667,0.2083,0.0487,0.0761,0.0748,0.0,0.0031,0.0,1.0,0.0688,7.0,2.0,0.0,0.0,0.0,0.0,-321.0,0.0,1.0,0.0,0.0,0.0,0.0,0.0,0.0,0.0,0.0,0.0,0.0,0.0,0.0,0.0,0.0,0.0,0.0,0.0,0.0,0.0,0.0,0.0,0.0,0.0,0.0,4.0,1.0,-323.0,-14.0,-182.16666666666666,0.0,0.0,-224.0,1328.0,288.0,-224.0,-134.0,-179.0,0.0,0.0,0.0,0.0,1885603.5,314267.25,1568232.0,1670250.51,278375.085,1514874.51,0.0,0.0,0.0,0.0,0.0,0.0,2.0,-223.0,-4.0,-65.33333333333333,0.6666666666666666,0.8857904772713472,0.0,5871.105,26552.7,13514.535000000002,35955.0,144112.5,84682.5,254047.5,35955.0,150295.5,84343.5,253030.5,0.0,7200.0,2400.0,7200.0,35955.0,144112.5,84682.5,3.0,11.0,15.0,13.333333333333334,2.0,-321.0,-35.0,-196.33333333333334,6.0,12.0,8.666666666666666,26.0,0.6666666666666666,0.9959928911211835,-11.0,-4.0,8.0,6.0,6.0,6.0,48.0,0.0,6.0,2.625,21.0,7.0,0.0,0.0,0.0,0.0,0.0,0.0,-22.0,-1.0,21.0,0.0,97555.41,26734.62766304348,735678.135,45000.0,180000.0,149684.2105263158,0.0,69480.0,3472.8260869565215,146794.5,0.0,65250.0,9855.0,145495.71,0.0,24416.46,4079.0460000000003,123381.675,0.0,0.0,0.0,0.25301917296655135,1.0,6.0,-290.0,-140.0,-215.0,26547.975,26552.7,26551.912500000002,159311.475,26547.975,26552.7,26551.912500000002,159311.475,0.9999623337624145,0.9999623404647939,0.9999623393477307,0.0,0.0,0.0,0.0,0.0,0.0,0.18013805,REFUS,1
0.0,1.0,0.0,0.0,0.0,202500.0,348826.5,22423.5,288000.0,6.0,7.0,4.0,0.0,1.0,0.020246,-9536.0,-1057.0,-1049.0,-783.0,9.0,1.0,1.0,0.0,1.0,0.0,0.0,8.0,2.0,3.0,3.0,6.0,6.0,0.0,0.0,0.0,1.0,1.0,1.0,26.0,0.1085199217178721,0.2231910527566166,0.4866531565147181,0.1598,0.1239,0.9866,0.8164,0.0426,0.2,0.1724,0.3333,0.375,0.1216,0.1294,0.1881,0.0039,0.0068,0.1628,0.1286,0.9866,0.8236,0.0429,0.2014,0.1724,0.3333,0.375,0.1244,0.1414,0.196,0.0039,0.0072,0.1613,0.1239,0.9866,0.8189,0.0428,0.2,0.1724,0.3333,0.375,0.1237,0.1317,0.1915,0.0039,0.0069999999999999,4.0,0.0,0.1727,4.0,0.0,0.0,0.0,0.0,0.0,0.0,0.0,1.0,0.0,0.0,0.0,0.0,0.0,0.0,0.0,0.0,0.0,0.0,0.0,0.0,0.0,0.0,0.0,0.0,0.0,0.0,0.0,0.0,0.0,0.0,0.0,2.0,5.0,1.0,-769.0,-14.0,-438.8,0.0,0.0,99.0,1057.0,421.2,-1451.0,-345.0,-928.0,0.0,0.0,0.0,0.0,1620635.04,324127.00800000003,981000.0,1156050.0,231210.0,718092.0,0.0,0.0,0.0,0.0,0.0,0.0,2.0,-46.0,-9.0,-18.2,1.0,0.7133310450136602,0.0,7500.42,7500.42,7500.42,48442.5,48442.5,48442.5,48442.5,61686.0,61686.0,61686.0,61686.0,0.0,0.0,0.0,0.0,48442.5,48442.5,48442.5,1.0,14.0,14.0,14.0,1.0,-706.0,-706.0,-706.0,12.0,12.0,12.0,12.0,1.0,1.2733596870581192,-23.0,-12.0,12.0,11.0,12.0,11.916666666666666,143.0,0.0,12.0,6.416666666666667,77.0,11.0,0.0,0.0,0.0,0.0,0.0,0.0,-22.0,-1.0,21.0,0.0,97555.41,26734.62766304348,735678.135,45000.0,180000.0,149684.2105263158,0.0,69480.0,3472.8260869565215,146794.5,0.0,65250.0,9855.0,145495.71,0.0,24416.46,4079.0460000000003,123381.675,0.0,0.0,0.0,0.25301917296655135,4.0,11.0,-675.0,-375.0,-520.0,4245.84,11186.64,7326.43875,87917.265,4245.84,18687.06,8883.69375,106604.325,0.9997645308040802,2.4911363448520416,1.1799951391369676,-11186.640000000001,0.0,-1557.2550000000003,0.0,0.0,0.0,0.31569752,REFUS,1
0.0,1.0,1.0,1.0,0.0,135000.0,315000.0,19035.0,315000.0,6.0,7.0,4.0,1.0,1.0,0.015221,-14250.0,-664.0,-3711.0,-5027.0,9.0,1.0,1.0,0.0,1.0,1.0,0.0,8.0,2.0,2.0,2.0,4.0,10.0,0.0,0.0,0.0,0.0,1.0,1.0,5.0,0.5054455334342673,0.0141286506344781,0.1604889306273446,0.0928,0.0764,0.9831,0.7552,0.0211,0.0,0.2069,0.1667,0.2083,0.0391,0.0756,0.0878,0.0,0.0036,0.0945,0.0746,0.9831,0.7648,0.0191,0.0,0.2069,0.1667,0.2083,0.04,0.0771,0.0915,0.0,0.0011,0.0937,0.0759,0.9831,0.7585,0.0209,0.0,0.2069,0.1667,0.2083,0.0398,0.0761,0.0894,0.0,0.0031,0.0,0.0,0.0691,4.0,0.0,2.0,0.0,2.0,0.0,-2911.0,0.0,1.0,0.0,0.0,0.0,0.0,0.0,0.0,0.0,0.0,0.0,0.0,0.0,0.0,0.0,0.0,0.0,0.0,0.0,0.0,0.0,0.0,0.0,0.0,0.0,2.0,5.0,1.0,-2845.0,-126.0,-1355.5,0.0,0.0,-2509.0,31052.0,2115.0833333333335,-2508.0,-443.0,-1593.4285714285713,0.0,0.0,0.0,0.0,4039920.0,336660.0,1237500.0,697428.0,116238.0,534348.0,0.0,0.0,0.0,0.0,0.0,0.0,2.0,-2292.0,-11.0,-832.0,0.4166666666666667,0.17263406883451435,1.0,2864.79,20130.3,12700.935,15849.0,225000.0,162069.75,648279.0,14274.0,295366.5,168526.125,674104.5,2250.0,40554.0,21090.0,63270.0,15849.0,225000.0,162069.75,4.0,9.0,16.0,12.5,4.0,-2911.0,-974.0,-1615.25,6.0,24.0,16.5,66.0,1.0,1.0398354106250385,-95.0,-14.0,44.0,3.0,24.0,17.363636363636363,764.0,0.0,24.0,11.636363636363637,512.0,40.0,0.0,0.0,0.0,0.0,0.0,0.0,-22.0,-1.0,21.0,0.0,97555.41,26734.62766304348,735678.135,45000.0,180000.0,149684.2105263158,0.0,69480.0,3472.8260869565215,146794.5,0.0,65250.0,9855.0,145495.71,0.0,24416.46,4079.0460000000003,123381.675,0.0,0.0,0.0,0.25301917296655135,2.0,18.0,-2879.0,-434.0,-977.1224489795918,2864.79,128486.52,23063.701224489792,1130121.3599999999,139.59,128486.52,17868.928775510205,875577.51,0.00738743411164504,0.9999922171429567,0.714229688660242,0.0,18755.01,5194.772448979591,21.0,1.7959183673469388,88.0,0.27156392,REFUS,1
